Name,0
Acclinate Genetics,0
Activ Surgical,1
AIM Medical Robotics,2
AMChart,3
AngioInsight Inc,4
AniCell Biotech,5
Appairy Medical,6
ARIZ Precision Medicine,7
Articulate Labs,8
Avitus Orthopaedics,9
BabyliveAdvice,10
Boinca Therapeutics,11
Bone Health Technologies,12
Breath Diagnostics,13
Brilliantly,14
CareSuites,15
Cellular Preservation Technologies,16
Clear Protocol,17
Colorado Therapeutics,18
Corline Systems,19
Corsair Innovations Inc,20
Deep Sleep Boost Inc,21
EhmetDx LLC,22
EnamelPure,23
EndoPro Solutions,24
Ensysce Biosciences,25
Family Care Path Inc,26
Fan Health Network,27
FitSense,28
Gravity Therapy,29
Healora DirectPay Healthcare,30
Healthy Within,31
Hyperion Laboratories,32
I-Lu Technologies Inc (HOOP),33
Immplacate Inc,34
Ionica Sciences Inc,35
Livia Medicines,36
Maculus Therapeutix,37
Maternity Partners LLC,38
